"Exploring Mars","NASA’s new rover has discovered fascinating soil samples.","mars.jpg","2025-04-08 16:02:01"
"AI in 2025","Artificial Intelligence is now powering most of our daily lives.","ai2025.png","2025-04-08 16:02:25"
"Minimalism Life","Living with less has become the new trend in urban spaces.","","2025-04-08 16:02:42"
"Retro Tech Comeback","Old gadgets are being repurposed in surprising ways.","retrotech.jpeg","2025-04-08 16:03:05"
"Street Food Diaries","From Tokyo to Mexico City, street food remains king.","food.jpg","2025-04-08 16:03:31"
"Space Tourism","Commercial trips to space are now offered by private companies.","space_tourism.jpg","2025-04-08 16:04:01"
"Cybersecurity Tips","How to stay safe online in 2025.","","2025-04-08 16:04:19"
"College Fest 2025","SPIT's annual fest is back with new events and competitions.","collegefest.jpg","2025-04-08 16:04:44"
"Photography Hacks","10 tricks to instantly improve your mobile photography.","photo.jpg","2025-04-08 16:05:02"
"Indie Game Boom","Independent developers are creating award-winning titles.","indiegame.png","2025-04-08 16:05:20"
"Exploring Mars","NASA’s new rover has discovered fascinating soil samples.","mars.jpg","2025-04-08 16:02:01"
"AI in 2025","Artificial Intelligence is now powering most of our daily lives.","ai2025.png","2025-04-08 16:02:25"
"Minimalism Life","Living with less has become the new trend in urban spaces.","","2025-04-08 16:02:42"
"Retro Tech Comeback","Old gadgets are being repurposed in surprising ways.","retrotech.jpeg","2025-04-08 16:03:05"
"Street Food Diaries","From Tokyo to Mexico City, street food remains king.","food.jpg","2025-04-08 16:03:31"
"Space Tourism","Commercial trips to space are now offered by private companies.","space_tourism.jpg","2025-04-08 16:04:01"
"Cybersecurity Tips","How to stay safe online in 2025.","","2025-04-08 16:04:19"
"College Fest 2025","SPIT's annual fest is back with new events and competitions.","collegefest.jpg","2025-04-08 16:04:44"
"Photography Hacks","10 tricks to instantly improve your mobile photography.","photo.jpg","2025-04-08 16:05:02"
"Indie Game Boom","Independent developers are creating award-winning titles.","indiegame.png","2025-04-08 16:05:20"
"Exploring Mars","NASA’s new rover has discovered fascinating soil samples.","mars.jpg","2025-04-08 16:02:01"
"AI in 2025","Artificial Intelligence is now powering most of our daily lives.","ai2025.png","2025-04-08 16:02:25"
"Minimalism Life","Living with less has become the new trend in urban spaces.","","2025-04-08 16:02:42"
"Retro Tech Comeback","Old gadgets are being repurposed in surprising ways.","retrotech.jpeg","2025-04-08 16:03:05"
"Street Food Diaries","From Tokyo to Mexico City, street food remains king.","food.jpg","2025-04-08 16:03:31"
"Space Tourism","Commercial trips to space are now offered by private companies.","space_tourism.jpg","2025-04-08 16:04:01"
"Cybersecurity Tips","How to stay safe online in 2025.","","2025-04-08 16:04:19"
"College Fest 2025","SPIT's annual fest is back with new events and competitions.","collegefest.jpg","2025-04-08 16:04:44"
"Photography Hacks","10 tricks to instantly improve your mobile photography.","photo.jpg","2025-04-08 16:05:02"
"Indie Game Boom","Independent developers are creating award-winning titles.","indiegame.png","2025-04-08 16:05:20"
"Exploring Mars","NASA’s new rover has discovered fascinating soil samples.","mars.jpg","2025-04-08 16:02:01"
"AI in 2025","Artificial Intelligence is now powering most of our daily lives.","ai2025.png","2025-04-08 16:02:25"
"Minimalism Life","Living with less has become the new trend in urban spaces.","","2025-04-08 16:02:42"
"Retro Tech Comeback","Old gadgets are being repurposed in surprising ways.","retrotech.jpeg","2025-04-08 16:03:05"
"Street Food Diaries","From Tokyo to Mexico City, street food remains king.","food.jpg","2025-04-08 16:03:31"
"Space Tourism","Commercial trips to space are now offered by private companies.","space_tourism.jpg","2025-04-08 16:04:01"
"Cybersecurity Tips","How to stay safe online in 2025.","","2025-04-08 16:04:19"
"College Fest 2025","SPIT's annual fest is back with new events and competitions.","collegefest.jpg","2025-04-08 16:04:44"
"Photography Hacks","10 tricks to instantly improve your mobile photography.","photo.jpg","2025-04-08 16:05:02"
"Indie Game Boom","Independent developers are creating award-winning titles.","indiegame.png","2025-04-08 16:05:20"
